id,image,mask,label,fg_ratio,height,width
bottle_broken_large_007,data/MVTec_AD/bottle/test/broken_large/007.png,data/MVTec_AD/bottle/ground_truth/broken_large/007_mask.png,1,0.16166913580246914,900,900
bottle_broken_large_009,data/MVTec_AD/bottle/test/broken_large/009.png,data/MVTec_AD/bottle/ground_truth/broken_large/009_mask.png,1,0.0875,900,900
bottle_broken_large_012,data/MVTec_AD/bottle/test/broken_large/012.png,data/MVTec_AD/bottle/ground_truth/broken_large/012_mask.png,1,0.08698395061728395,900,900
bottle_broken_large_014,data/MVTec_AD/bottle/test/broken_large/014.png,data/MVTec_AD/bottle/ground_truth/broken_large/014_mask.png,1,0.0471679012345679,900,900
bottle_broken_large_015,data/MVTec_AD/bottle/test/broken_large/015.png,data/MVTec_AD/bottle/ground_truth/broken_large/015_mask.png,1,0.09340617283950617,900,900
bottle_broken_small_001,data/MVTec_AD/bottle/test/broken_small/001.png,data/MVTec_AD/bottle/ground_truth/broken_small/001_mask.png,1,0.01477283950617284,900,900
bottle_broken_small_006,data/MVTec_AD/bottle/test/broken_small/006.png,data/MVTec_AD/bottle/ground_truth/broken_small/006_mask.png,1,0.026909876543209876,900,900
bottle_broken_small_009,data/MVTec_AD/bottle/test/broken_small/009.png,data/MVTec_AD/bottle/ground_truth/broken_small/009_mask.png,1,0.02357530864197531,900,900
bottle_broken_small_018,data/MVTec_AD/bottle/test/broken_small/018.png,data/MVTec_AD/bottle/ground_truth/broken_small/018_mask.png,1,0.05717777777777778,900,900
bottle_broken_small_021,data/MVTec_AD/bottle/test/broken_small/021.png,data/MVTec_AD/bottle/ground_truth/broken_small/021_mask.png,1,0.018512345679012346,900,900
bottle_contamination_007,data/MVTec_AD/bottle/test/contamination/007.png,data/MVTec_AD/bottle/ground_truth/contamination/007_mask.png,1,0.05561481481481481,900,900
bottle_contamination_010,data/MVTec_AD/bottle/test/contamination/010.png,data/MVTec_AD/bottle/ground_truth/contamination/010_mask.png,1,0.1151,900,900
bottle_contamination_013,data/MVTec_AD/bottle/test/contamination/013.png,data/MVTec_AD/bottle/ground_truth/contamination/013_mask.png,1,0.05101111111111111,900,900
bottle_contamination_016,data/MVTec_AD/bottle/test/contamination/016.png,data/MVTec_AD/bottle/ground_truth/contamination/016_mask.png,1,0.15125308641975307,900,900
bottle_contamination_018,data/MVTec_AD/bottle/test/contamination/018.png,data/MVTec_AD/bottle/ground_truth/contamination/018_mask.png,1,0.00575679012345679,900,900
cable_bent_wire_000,data/MVTec_AD/cable/test/bent_wire/000.png,data/MVTec_AD/cable/ground_truth/bent_wire/000_mask.png,1,0.022089004516601562,1024,1024
cable_bent_wire_003,data/MVTec_AD/cable/test/bent_wire/003.png,data/MVTec_AD/cable/ground_truth/bent_wire/003_mask.png,1,0.012284278869628906,1024,1024
cable_bent_wire_006,data/MVTec_AD/cable/test/bent_wire/006.png,data/MVTec_AD/cable/ground_truth/bent_wire/006_mask.png,1,0.0388946533203125,1024,1024
cable_bent_wire_008,data/MVTec_AD/cable/test/bent_wire/008.png,data/MVTec_AD/cable/ground_truth/bent_wire/008_mask.png,1,0.01874828338623047,1024,1024
cable_bent_wire_011,data/MVTec_AD/cable/test/bent_wire/011.png,data/MVTec_AD/cable/ground_truth/bent_wire/011_mask.png,1,0.1137075424194336,1024,1024
cable_cable_swap_000,data/MVTec_AD/cable/test/cable_swap/000.png,data/MVTec_AD/cable/ground_truth/cable_swap/000_mask.png,1,0.06402301788330078,1024,1024
cable_cable_swap_002,data/MVTec_AD/cable/test/cable_swap/002.png,data/MVTec_AD/cable/ground_truth/cable_swap/002_mask.png,1,0.054457664489746094,1024,1024
cable_cable_swap_004,data/MVTec_AD/cable/test/cable_swap/004.png,data/MVTec_AD/cable/ground_truth/cable_swap/004_mask.png,1,0.052486419677734375,1024,1024
cable_cable_swap_006,data/MVTec_AD/cable/test/cable_swap/006.png,data/MVTec_AD/cable/ground_truth/cable_swap/006_mask.png,1,0.06474876403808594,1024,1024
cable_cable_swap_009,data/MVTec_AD/cable/test/cable_swap/009.png,data/MVTec_AD/cable/ground_truth/cable_swap/009_mask.png,1,0.05551433563232422,1024,1024
cable_combined_000,data/MVTec_AD/cable/test/combined/000.png,data/MVTec_AD/cable/ground_truth/combined/000_mask.png,1,0.040360450744628906,1024,1024
cable_combined_002,data/MVTec_AD/cable/test/combined/002.png,data/MVTec_AD/cable/ground_truth/combined/002_mask.png,1,0.02278614044189453,1024,1024
cable_combined_006,data/MVTec_AD/cable/test/combined/006.png,data/MVTec_AD/cable/ground_truth/combined/006_mask.png,1,0.08965587615966797,1024,1024
cable_combined_008,data/MVTec_AD/cable/test/combined/008.png,data/MVTec_AD/cable/ground_truth/combined/008_mask.png,1,0.04626274108886719,1024,1024
cable_combined_009,data/MVTec_AD/cable/test/combined/009.png,data/MVTec_AD/cable/ground_truth/combined/009_mask.png,1,0.08863067626953125,1024,1024
cable_cut_inner_insulation_000,data/MVTec_AD/cable/test/cut_inner_insulation/000.png,data/MVTec_AD/cable/ground_truth/cut_inner_insulation/000_mask.png,1,0.03176307678222656,1024,1024
cable_cut_inner_insulation_001,data/MVTec_AD/cable/test/cut_inner_insulation/001.png,data/MVTec_AD/cable/ground_truth/cut_inner_insulation/001_mask.png,1,0.029142379760742188,1024,1024
cable_cut_inner_insulation_005,data/MVTec_AD/cable/test/cut_inner_insulation/005.png,data/MVTec_AD/cable/ground_truth/cut_inner_insulation/005_mask.png,1,0.02610492706298828,1024,1024
cable_cut_inner_insulation_006,data/MVTec_AD/cable/test/cut_inner_insulation/006.png,data/MVTec_AD/cable/ground_truth/cut_inner_insulation/006_mask.png,1,0.018858909606933594,1024,1024
cable_cut_inner_insulation_008,data/MVTec_AD/cable/test/cut_inner_insulation/008.png,data/MVTec_AD/cable/ground_truth/cut_inner_insulation/008_mask.png,1,0.025048255920410156,1024,1024
cable_cut_outer_insulation_000,data/MVTec_AD/cable/test/cut_outer_insulation/000.png,data/MVTec_AD/cable/ground_truth/cut_outer_insulation/000_mask.png,1,0.022367477416992188,1024,1024
cable_cut_outer_insulation_003,data/MVTec_AD/cable/test/cut_outer_insulation/003.png,data/MVTec_AD/cable/ground_truth/cut_outer_insulation/003_mask.png,1,0.007340431213378906,1024,1024
cable_cut_outer_insulation_004,data/MVTec_AD/cable/test/cut_outer_insulation/004.png,data/MVTec_AD/cable/ground_truth/cut_outer_insulation/004_mask.png,1,0.022935867309570312,1024,1024
cable_cut_outer_insulation_006,data/MVTec_AD/cable/test/cut_outer_insulation/006.png,data/MVTec_AD/cable/ground_truth/cut_outer_insulation/006_mask.png,1,0.011167526245117188,1024,1024
cable_cut_outer_insulation_007,data/MVTec_AD/cable/test/cut_outer_insulation/007.png,data/MVTec_AD/cable/ground_truth/cut_outer_insulation/007_mask.png,1,0.02092456817626953,1024,1024
cable_missing_cable_000,data/MVTec_AD/cable/test/missing_cable/000.png,data/MVTec_AD/cable/ground_truth/missing_cable/000_mask.png,1,0.07103824615478516,1024,1024
cable_missing_cable_004,data/MVTec_AD/cable/test/missing_cable/004.png,data/MVTec_AD/cable/ground_truth/missing_cable/004_mask.png,1,0.07427692413330078,1024,1024
cable_missing_cable_005,data/MVTec_AD/cable/test/missing_cable/005.png,data/MVTec_AD/cable/ground_truth/missing_cable/005_mask.png,1,0.06750106811523438,1024,1024
cable_missing_cable_008,data/MVTec_AD/cable/test/missing_cable/008.png,data/MVTec_AD/cable/ground_truth/missing_cable/008_mask.png,1,0.1374959945678711,1024,1024
cable_missing_cable_010,data/MVTec_AD/cable/test/missing_cable/010.png,data/MVTec_AD/cable/ground_truth/missing_cable/010_mask.png,1,0.08046340942382812,1024,1024
cable_missing_wire_000,data/MVTec_AD/cable/test/missing_wire/000.png,data/MVTec_AD/cable/ground_truth/missing_wire/000_mask.png,1,0.023795127868652344,1024,1024
cable_missing_wire_003,data/MVTec_AD/cable/test/missing_wire/003.png,data/MVTec_AD/cable/ground_truth/missing_wire/003_mask.png,1,0.03881549835205078,1024,1024
cable_missing_wire_004,data/MVTec_AD/cable/test/missing_wire/004.png,data/MVTec_AD/cable/ground_truth/missing_wire/004_mask.png,1,0.0368499755859375,1024,1024
cable_missing_wire_006,data/MVTec_AD/cable/test/missing_wire/006.png,data/MVTec_AD/cable/ground_truth/missing_wire/006_mask.png,1,0.017546653747558594,1024,1024
cable_missing_wire_009,data/MVTec_AD/cable/test/missing_wire/009.png,data/MVTec_AD/cable/ground_truth/missing_wire/009_mask.png,1,0.01953601837158203,1024,1024
cable_poke_insulation_003,data/MVTec_AD/cable/test/poke_insulation/003.png,data/MVTec_AD/cable/ground_truth/poke_insulation/003_mask.png,1,0.01275634765625,1024,1024
cable_poke_insulation_005,data/MVTec_AD/cable/test/poke_insulation/005.png,data/MVTec_AD/cable/ground_truth/poke_insulation/005_mask.png,1,0.006304740905761719,1024,1024
cable_poke_insulation_006,data/MVTec_AD/cable/test/poke_insulation/006.png,data/MVTec_AD/cable/ground_truth/poke_insulation/006_mask.png,1,0.026454925537109375,1024,1024
cable_poke_insulation_007,data/MVTec_AD/cable/test/poke_insulation/007.png,data/MVTec_AD/cable/ground_truth/poke_insulation/007_mask.png,1,0.048664093017578125,1024,1024
cable_poke_insulation_009,data/MVTec_AD/cable/test/poke_insulation/009.png,data/MVTec_AD/cable/ground_truth/poke_insulation/009_mask.png,1,0.03533649444580078,1024,1024
capsule_crack_001,data/MVTec_AD/capsule/test/crack/001.png,data/MVTec_AD/capsule/ground_truth/crack/001_mask.png,1,0.023268,1000,1000
capsule_crack_007,data/MVTec_AD/capsule/test/crack/007.png,data/MVTec_AD/capsule/ground_truth/crack/007_mask.png,1,0.004835,1000,1000
capsule_crack_009,data/MVTec_AD/capsule/test/crack/009.png,data/MVTec_AD/capsule/ground_truth/crack/009_mask.png,1,0.005359,1000,1000
capsule_crack_013,data/MVTec_AD/capsule/test/crack/013.png,data/MVTec_AD/capsule/ground_truth/crack/013_mask.png,1,0.000903,1000,1000
capsule_crack_015,data/MVTec_AD/capsule/test/crack/015.png,data/MVTec_AD/capsule/ground_truth/crack/015_mask.png,1,0.011638,1000,1000
capsule_faulty_imprint_001,data/MVTec_AD/capsule/test/faulty_imprint/001.png,data/MVTec_AD/capsule/ground_truth/faulty_imprint/001_mask.png,1,0.002289,1000,1000
capsule_faulty_imprint_003,data/MVTec_AD/capsule/test/faulty_imprint/003.png,data/MVTec_AD/capsule/ground_truth/faulty_imprint/003_mask.png,1,0.001992,1000,1000
capsule_faulty_imprint_007,data/MVTec_AD/capsule/test/faulty_imprint/007.png,data/MVTec_AD/capsule/ground_truth/faulty_imprint/007_mask.png,1,0.002771,1000,1000
capsule_faulty_imprint_014,data/MVTec_AD/capsule/test/faulty_imprint/014.png,data/MVTec_AD/capsule/ground_truth/faulty_imprint/014_mask.png,1,0.005727,1000,1000
capsule_faulty_imprint_021,data/MVTec_AD/capsule/test/faulty_imprint/021.png,data/MVTec_AD/capsule/ground_truth/faulty_imprint/021_mask.png,1,0.003213,1000,1000
capsule_poke_009,data/MVTec_AD/capsule/test/poke/009.png,data/MVTec_AD/capsule/ground_truth/poke/009_mask.png,1,0.002253,1000,1000
capsule_poke_015,data/MVTec_AD/capsule/test/poke/015.png,data/MVTec_AD/capsule/ground_truth/poke/015_mask.png,1,0.004295,1000,1000
capsule_poke_016,data/MVTec_AD/capsule/test/poke/016.png,data/MVTec_AD/capsule/ground_truth/poke/016_mask.png,1,0.001318,1000,1000
capsule_poke_018,data/MVTec_AD/capsule/test/poke/018.png,data/MVTec_AD/capsule/ground_truth/poke/018_mask.png,1,0.002276,1000,1000
capsule_poke_020,data/MVTec_AD/capsule/test/poke/020.png,data/MVTec_AD/capsule/ground_truth/poke/020_mask.png,1,0.002743,1000,1000
capsule_scratch_003,data/MVTec_AD/capsule/test/scratch/003.png,data/MVTec_AD/capsule/ground_truth/scratch/003_mask.png,1,0.008001,1000,1000
capsule_scratch_004,data/MVTec_AD/capsule/test/scratch/004.png,data/MVTec_AD/capsule/ground_truth/scratch/004_mask.png,1,0.010398,1000,1000
capsule_scratch_009,data/MVTec_AD/capsule/test/scratch/009.png,data/MVTec_AD/capsule/ground_truth/scratch/009_mask.png,1,0.009587,1000,1000
capsule_scratch_012,data/MVTec_AD/capsule/test/scratch/012.png,data/MVTec_AD/capsule/ground_truth/scratch/012_mask.png,1,0.004424,1000,1000
capsule_scratch_021,data/MVTec_AD/capsule/test/scratch/021.png,data/MVTec_AD/capsule/ground_truth/scratch/021_mask.png,1,0.004301,1000,1000
capsule_squeeze_000,data/MVTec_AD/capsule/test/squeeze/000.png,data/MVTec_AD/capsule/ground_truth/squeeze/000_mask.png,1,0.076945,1000,1000
capsule_squeeze_002,data/MVTec_AD/capsule/test/squeeze/002.png,data/MVTec_AD/capsule/ground_truth/squeeze/002_mask.png,1,0.001881,1000,1000
capsule_squeeze_014,data/MVTec_AD/capsule/test/squeeze/014.png,data/MVTec_AD/capsule/ground_truth/squeeze/014_mask.png,1,0.080787,1000,1000
capsule_squeeze_016,data/MVTec_AD/capsule/test/squeeze/016.png,data/MVTec_AD/capsule/ground_truth/squeeze/016_mask.png,1,0.080278,1000,1000
capsule_squeeze_018,data/MVTec_AD/capsule/test/squeeze/018.png,data/MVTec_AD/capsule/ground_truth/squeeze/018_mask.png,1,0.011339,1000,1000
carpet_color_003,data/MVTec_AD/carpet/test/color/003.png,data/MVTec_AD/carpet/ground_truth/color/003_mask.png,1,0.011744499206542969,1024,1024
carpet_color_004,data/MVTec_AD/carpet/test/color/004.png,data/MVTec_AD/carpet/ground_truth/color/004_mask.png,1,0.020738601684570312,1024,1024
carpet_color_010,data/MVTec_AD/carpet/test/color/010.png,data/MVTec_AD/carpet/ground_truth/color/010_mask.png,1,0.020989418029785156,1024,1024
carpet_color_015,data/MVTec_AD/carpet/test/color/015.png,data/MVTec_AD/carpet/ground_truth/color/015_mask.png,1,0.0069179534912109375,1024,1024
carpet_color_016,data/MVTec_AD/carpet/test/color/016.png,data/MVTec_AD/carpet/ground_truth/color/016_mask.png,1,0.008973121643066406,1024,1024
carpet_cut_000,data/MVTec_AD/carpet/test/cut/000.png,data/MVTec_AD/carpet/ground_truth/cut/000_mask.png,1,0.057501792907714844,1024,1024
carpet_cut_007,data/MVTec_AD/carpet/test/cut/007.png,data/MVTec_AD/carpet/ground_truth/cut/007_mask.png,1,0.04345989227294922,1024,1024
carpet_cut_011,data/MVTec_AD/carpet/test/cut/011.png,data/MVTec_AD/carpet/ground_truth/cut/011_mask.png,1,0.05167865753173828,1024,1024
carpet_cut_015,data/MVTec_AD/carpet/test/cut/015.png,data/MVTec_AD/carpet/ground_truth/cut/015_mask.png,1,0.0696420669555664,1024,1024
carpet_cut_016,data/MVTec_AD/carpet/test/cut/016.png,data/MVTec_AD/carpet/ground_truth/cut/016_mask.png,1,0.042232513427734375,1024,1024
carpet_hole_008,data/MVTec_AD/carpet/test/hole/008.png,data/MVTec_AD/carpet/ground_truth/hole/008_mask.png,1,0.03758430480957031,1024,1024
carpet_hole_009,data/MVTec_AD/carpet/test/hole/009.png,data/MVTec_AD/carpet/ground_truth/hole/009_mask.png,1,0.056357383728027344,1024,1024
carpet_hole_013,data/MVTec_AD/carpet/test/hole/013.png,data/MVTec_AD/carpet/ground_truth/hole/013_mask.png,1,0.018362998962402344,1024,1024
carpet_hole_015,data/MVTec_AD/carpet/test/hole/015.png,data/MVTec_AD/carpet/ground_truth/hole/015_mask.png,1,0.012711524963378906,1024,1024
carpet_hole_016,data/MVTec_AD/carpet/test/hole/016.png,data/MVTec_AD/carpet/ground_truth/hole/016_mask.png,1,0.02469921112060547,1024,1024
carpet_metal_contamination_003,data/MVTec_AD/carpet/test/metal_contamination/003.png,data/MVTec_AD/carpet/ground_truth/metal_contamination/003_mask.png,1,0.003314971923828125,1024,1024
carpet_metal_contamination_005,data/MVTec_AD/carpet/test/metal_contamination/005.png,data/MVTec_AD/carpet/ground_truth/metal_contamination/005_mask.png,1,0.009305953979492188,1024,1024
carpet_metal_contamination_011,data/MVTec_AD/carpet/test/metal_contamination/011.png,data/MVTec_AD/carpet/ground_truth/metal_contamination/011_mask.png,1,0.003185272216796875,1024,1024
carpet_metal_contamination_012,data/MVTec_AD/carpet/test/metal_contamination/012.png,data/MVTec_AD/carpet/ground_truth/metal_contamination/012_mask.png,1,0.0036096572875976562,1024,1024
carpet_metal_contamination_013,data/MVTec_AD/carpet/test/metal_contamination/013.png,data/MVTec_AD/carpet/ground_truth/metal_contamination/013_mask.png,1,0.00299835205078125,1024,1024
carpet_thread_000,data/MVTec_AD/carpet/test/thread/000.png,data/MVTec_AD/carpet/ground_truth/thread/000_mask.png,1,0.006411552429199219,1024,1024
carpet_thread_007,data/MVTec_AD/carpet/test/thread/007.png,data/MVTec_AD/carpet/ground_truth/thread/007_mask.png,1,0.0085906982421875,1024,1024
carpet_thread_011,data/MVTec_AD/carpet/test/thread/011.png,data/MVTec_AD/carpet/ground_truth/thread/011_mask.png,1,0.0032320022583007812,1024,1024
carpet_thread_013,data/MVTec_AD/carpet/test/thread/013.png,data/MVTec_AD/carpet/ground_truth/thread/013_mask.png,1,0.05318927764892578,1024,1024
carpet_thread_017,data/MVTec_AD/carpet/test/thread/017.png,data/MVTec_AD/carpet/ground_truth/thread/017_mask.png,1,0.010143280029296875,1024,1024
grid_bent_000,data/MVTec_AD/grid/test/bent/000.png,data/MVTec_AD/grid/ground_truth/bent/000_mask.png,1,0.005207061767578125,1024,1024
grid_bent_004,data/MVTec_AD/grid/test/bent/004.png,data/MVTec_AD/grid/ground_truth/bent/004_mask.png,1,0.008305549621582031,1024,1024
grid_bent_005,data/MVTec_AD/grid/test/bent/005.png,data/MVTec_AD/grid/ground_truth/bent/005_mask.png,1,0.014266014099121094,1024,1024
grid_bent_007,data/MVTec_AD/grid/test/bent/007.png,data/MVTec_AD/grid/ground_truth/bent/007_mask.png,1,0.011412620544433594,1024,1024
grid_bent_011,data/MVTec_AD/grid/test/bent/011.png,data/MVTec_AD/grid/ground_truth/bent/011_mask.png,1,0.014434814453125,1024,1024
grid_broken_000,data/MVTec_AD/grid/test/broken/000.png,data/MVTec_AD/grid/ground_truth/broken/000_mask.png,1,0.007083892822265625,1024,1024
grid_broken_001,data/MVTec_AD/grid/test/broken/001.png,data/MVTec_AD/grid/ground_truth/broken/001_mask.png,1,0.02324676513671875,1024,1024
grid_broken_004,data/MVTec_AD/grid/test/broken/004.png,data/MVTec_AD/grid/ground_truth/broken/004_mask.png,1,0.00440216064453125,1024,1024
grid_broken_009,data/MVTec_AD/grid/test/broken/009.png,data/MVTec_AD/grid/ground_truth/broken/009_mask.png,1,0.006014823913574219,1024,1024
grid_broken_011,data/MVTec_AD/grid/test/broken/011.png,data/MVTec_AD/grid/ground_truth/broken/011_mask.png,1,0.0038166046142578125,1024,1024
grid_glue_001,data/MVTec_AD/grid/test/glue/001.png,data/MVTec_AD/grid/ground_truth/glue/001_mask.png,1,0.004786491394042969,1024,1024
grid_glue_004,data/MVTec_AD/grid/test/glue/004.png,data/MVTec_AD/grid/ground_truth/glue/004_mask.png,1,0.0073394775390625,1024,1024
grid_glue_007,data/MVTec_AD/grid/test/glue/007.png,data/MVTec_AD/grid/ground_truth/glue/007_mask.png,1,0.004887580871582031,1024,1024
grid_glue_009,data/MVTec_AD/grid/test/glue/009.png,data/MVTec_AD/grid/ground_truth/glue/009_mask.png,1,0.006244659423828125,1024,1024
grid_glue_010,data/MVTec_AD/grid/test/glue/010.png,data/MVTec_AD/grid/ground_truth/glue/010_mask.png,1,0.006495475769042969,1024,1024
grid_metal_contamination_000,data/MVTec_AD/grid/test/metal_contamination/000.png,data/MVTec_AD/grid/ground_truth/metal_contamination/000_mask.png,1,0.00250244140625,1024,1024
grid_metal_contamination_003,data/MVTec_AD/grid/test/metal_contamination/003.png,data/MVTec_AD/grid/ground_truth/metal_contamination/003_mask.png,1,0.008152008056640625,1024,1024
grid_metal_contamination_007,data/MVTec_AD/grid/test/metal_contamination/007.png,data/MVTec_AD/grid/ground_truth/metal_contamination/007_mask.png,1,0.00188446044921875,1024,1024
grid_metal_contamination_009,data/MVTec_AD/grid/test/metal_contamination/009.png,data/MVTec_AD/grid/ground_truth/metal_contamination/009_mask.png,1,0.004052162170410156,1024,1024
grid_metal_contamination_010,data/MVTec_AD/grid/test/metal_contamination/010.png,data/MVTec_AD/grid/ground_truth/metal_contamination/010_mask.png,1,0.004923820495605469,1024,1024
grid_thread_001,data/MVTec_AD/grid/test/thread/001.png,data/MVTec_AD/grid/ground_truth/thread/001_mask.png,1,0.0135955810546875,1024,1024
grid_thread_004,data/MVTec_AD/grid/test/thread/004.png,data/MVTec_AD/grid/ground_truth/thread/004_mask.png,1,0.03135967254638672,1024,1024
grid_thread_008,data/MVTec_AD/grid/test/thread/008.png,data/MVTec_AD/grid/ground_truth/thread/008_mask.png,1,0.03581523895263672,1024,1024
grid_thread_009,data/MVTec_AD/grid/test/thread/009.png,data/MVTec_AD/grid/ground_truth/thread/009_mask.png,1,0.015811920166015625,1024,1024
grid_thread_010,data/MVTec_AD/grid/test/thread/010.png,data/MVTec_AD/grid/ground_truth/thread/010_mask.png,1,0.02428722381591797,1024,1024
hazelnut_crack_000,data/MVTec_AD/hazelnut/test/crack/000.png,data/MVTec_AD/hazelnut/ground_truth/crack/000_mask.png,1,0.06319236755371094,1024,1024
hazelnut_crack_004,data/MVTec_AD/hazelnut/test/crack/004.png,data/MVTec_AD/hazelnut/ground_truth/crack/004_mask.png,1,0.027103424072265625,1024,1024
hazelnut_crack_005,data/MVTec_AD/hazelnut/test/crack/005.png,data/MVTec_AD/hazelnut/ground_truth/crack/005_mask.png,1,0.015561103820800781,1024,1024
hazelnut_crack_008,data/MVTec_AD/hazelnut/test/crack/008.png,data/MVTec_AD/hazelnut/ground_truth/crack/008_mask.png,1,0.13962554931640625,1024,1024
hazelnut_crack_009,data/MVTec_AD/hazelnut/test/crack/009.png,data/MVTec_AD/hazelnut/ground_truth/crack/009_mask.png,1,0.24027061462402344,1024,1024
hazelnut_cut_003,data/MVTec_AD/hazelnut/test/cut/003.png,data/MVTec_AD/hazelnut/ground_truth/cut/003_mask.png,1,0.0053577423095703125,1024,1024
hazelnut_cut_004,data/MVTec_AD/hazelnut/test/cut/004.png,data/MVTec_AD/hazelnut/ground_truth/cut/004_mask.png,1,0.01068115234375,1024,1024
hazelnut_cut_012,data/MVTec_AD/hazelnut/test/cut/012.png,data/MVTec_AD/hazelnut/ground_truth/cut/012_mask.png,1,0.00835418701171875,1024,1024
hazelnut_cut_013,data/MVTec_AD/hazelnut/test/cut/013.png,data/MVTec_AD/hazelnut/ground_truth/cut/013_mask.png,1,0.010703086853027344,1024,1024
hazelnut_cut_015,data/MVTec_AD/hazelnut/test/cut/015.png,data/MVTec_AD/hazelnut/ground_truth/cut/015_mask.png,1,0.008759498596191406,1024,1024
hazelnut_hole_002,data/MVTec_AD/hazelnut/test/hole/002.png,data/MVTec_AD/hazelnut/ground_truth/hole/002_mask.png,1,0.006969451904296875,1024,1024
hazelnut_hole_008,data/MVTec_AD/hazelnut/test/hole/008.png,data/MVTec_AD/hazelnut/ground_truth/hole/008_mask.png,1,0.005255699157714844,1024,1024
hazelnut_hole_009,data/MVTec_AD/hazelnut/test/hole/009.png,data/MVTec_AD/hazelnut/ground_truth/hole/009_mask.png,1,0.008647918701171875,1024,1024
hazelnut_hole_014,data/MVTec_AD/hazelnut/test/hole/014.png,data/MVTec_AD/hazelnut/ground_truth/hole/014_mask.png,1,0.026552200317382812,1024,1024
hazelnut_hole_017,data/MVTec_AD/hazelnut/test/hole/017.png,data/MVTec_AD/hazelnut/ground_truth/hole/017_mask.png,1,0.025628089904785156,1024,1024
hazelnut_print_000,data/MVTec_AD/hazelnut/test/print/000.png,data/MVTec_AD/hazelnut/ground_truth/print/000_mask.png,1,0.03784370422363281,1024,1024
hazelnut_print_001,data/MVTec_AD/hazelnut/test/print/001.png,data/MVTec_AD/hazelnut/ground_truth/print/001_mask.png,1,0.025600433349609375,1024,1024
hazelnut_print_002,data/MVTec_AD/hazelnut/test/print/002.png,data/MVTec_AD/hazelnut/ground_truth/print/002_mask.png,1,0.018911361694335938,1024,1024
hazelnut_print_004,data/MVTec_AD/hazelnut/test/print/004.png,data/MVTec_AD/hazelnut/ground_truth/print/004_mask.png,1,0.030704498291015625,1024,1024
hazelnut_print_012,data/MVTec_AD/hazelnut/test/print/012.png,data/MVTec_AD/hazelnut/ground_truth/print/012_mask.png,1,0.019249916076660156,1024,1024
leather_color_006,data/MVTec_AD/leather/test/color/006.png,data/MVTec_AD/leather/ground_truth/color/006_mask.png,1,0.0008859634399414062,1024,1024
leather_color_008,data/MVTec_AD/leather/test/color/008.png,data/MVTec_AD/leather/ground_truth/color/008_mask.png,1,0.012828826904296875,1024,1024
leather_color_009,data/MVTec_AD/leather/test/color/009.png,data/MVTec_AD/leather/ground_truth/color/009_mask.png,1,0.004654884338378906,1024,1024
leather_color_016,data/MVTec_AD/leather/test/color/016.png,data/MVTec_AD/leather/ground_truth/color/016_mask.png,1,0.0015325546264648438,1024,1024
leather_color_018,data/MVTec_AD/leather/test/color/018.png,data/MVTec_AD/leather/ground_truth/color/018_mask.png,1,0.0013456344604492188,1024,1024
leather_cut_000,data/MVTec_AD/leather/test/cut/000.png,data/MVTec_AD/leather/ground_truth/cut/000_mask.png,1,0.0012674331665039062,1024,1024
leather_cut_003,data/MVTec_AD/leather/test/cut/003.png,data/MVTec_AD/leather/ground_truth/cut/003_mask.png,1,0.012282371520996094,1024,1024
leather_cut_011,data/MVTec_AD/leather/test/cut/011.png,data/MVTec_AD/leather/ground_truth/cut/011_mask.png,1,0.0020771026611328125,1024,1024
leather_cut_012,data/MVTec_AD/leather/test/cut/012.png,data/MVTec_AD/leather/ground_truth/cut/012_mask.png,1,0.0031137466430664062,1024,1024
leather_cut_013,data/MVTec_AD/leather/test/cut/013.png,data/MVTec_AD/leather/ground_truth/cut/013_mask.png,1,0.00661468505859375,1024,1024
leather_fold_002,data/MVTec_AD/leather/test/fold/002.png,data/MVTec_AD/leather/ground_truth/fold/002_mask.png,1,0.010496139526367188,1024,1024
leather_fold_004,data/MVTec_AD/leather/test/fold/004.png,data/MVTec_AD/leather/ground_truth/fold/004_mask.png,1,0.040477752685546875,1024,1024
leather_fold_010,data/MVTec_AD/leather/test/fold/010.png,data/MVTec_AD/leather/ground_truth/fold/010_mask.png,1,0.03627777099609375,1024,1024
leather_fold_014,data/MVTec_AD/leather/test/fold/014.png,data/MVTec_AD/leather/ground_truth/fold/014_mask.png,1,0.016655921936035156,1024,1024
leather_fold_015,data/MVTec_AD/leather/test/fold/015.png,data/MVTec_AD/leather/ground_truth/fold/015_mask.png,1,0.033977508544921875,1024,1024
leather_glue_001,data/MVTec_AD/leather/test/glue/001.png,data/MVTec_AD/leather/ground_truth/glue/001_mask.png,1,0.007981300354003906,1024,1024
leather_glue_004,data/MVTec_AD/leather/test/glue/004.png,data/MVTec_AD/leather/ground_truth/glue/004_mask.png,1,0.0016698837280273438,1024,1024
leather_glue_007,data/MVTec_AD/leather/test/glue/007.png,data/MVTec_AD/leather/ground_truth/glue/007_mask.png,1,0.004807472229003906,1024,1024
leather_glue_008,data/MVTec_AD/leather/test/glue/008.png,data/MVTec_AD/leather/ground_truth/glue/008_mask.png,1,0.007831573486328125,1024,1024
leather_glue_013,data/MVTec_AD/leather/test/glue/013.png,data/MVTec_AD/leather/ground_truth/glue/013_mask.png,1,0.015982627868652344,1024,1024
leather_poke_000,data/MVTec_AD/leather/test/poke/000.png,data/MVTec_AD/leather/ground_truth/poke/000_mask.png,1,0.00153350830078125,1024,1024
leather_poke_003,data/MVTec_AD/leather/test/poke/003.png,data/MVTec_AD/leather/ground_truth/poke/003_mask.png,1,0.0025529861450195312,1024,1024
leather_poke_004,data/MVTec_AD/leather/test/poke/004.png,data/MVTec_AD/leather/ground_truth/poke/004_mask.png,1,0.0020170211791992188,1024,1024
leather_poke_005,data/MVTec_AD/leather/test/poke/005.png,data/MVTec_AD/leather/ground_truth/poke/005_mask.png,1,0.0018301010131835938,1024,1024
leather_poke_016,data/MVTec_AD/leather/test/poke/016.png,data/MVTec_AD/leather/ground_truth/poke/016_mask.png,1,0.0026979446411132812,1024,1024
metal_nut_bent_000,data/MVTec_AD/metal_nut/test/bent/000.png,data/MVTec_AD/metal_nut/ground_truth/bent/000_mask.png,1,0.04698979591836735,700,700
metal_nut_bent_004,data/MVTec_AD/metal_nut/test/bent/004.png,data/MVTec_AD/metal_nut/ground_truth/bent/004_mask.png,1,0.015683673469387756,700,700
metal_nut_bent_007,data/MVTec_AD/metal_nut/test/bent/007.png,data/MVTec_AD/metal_nut/ground_truth/bent/007_mask.png,1,0.007057142857142857,700,700
metal_nut_bent_014,data/MVTec_AD/metal_nut/test/bent/014.png,data/MVTec_AD/metal_nut/ground_truth/bent/014_mask.png,1,0.010659183673469387,700,700
metal_nut_bent_017,data/MVTec_AD/metal_nut/test/bent/017.png,data/MVTec_AD/metal_nut/ground_truth/bent/017_mask.png,1,0.018451020408163266,700,700
metal_nut_color_001,data/MVTec_AD/metal_nut/test/color/001.png,data/MVTec_AD/metal_nut/ground_truth/color/001_mask.png,1,0.005655102040816326,700,700
metal_nut_color_012,data/MVTec_AD/metal_nut/test/color/012.png,data/MVTec_AD/metal_nut/ground_truth/color/012_mask.png,1,0.06568979591836735,700,700
metal_nut_color_015,data/MVTec_AD/metal_nut/test/color/015.png,data/MVTec_AD/metal_nut/ground_truth/color/015_mask.png,1,0.04761836734693878,700,700
metal_nut_color_016,data/MVTec_AD/metal_nut/test/color/016.png,data/MVTec_AD/metal_nut/ground_truth/color/016_mask.png,1,0.025104081632653062,700,700
metal_nut_color_018,data/MVTec_AD/metal_nut/test/color/018.png,data/MVTec_AD/metal_nut/ground_truth/color/018_mask.png,1,0.018981632653061225,700,700
metal_nut_flip_003,data/MVTec_AD/metal_nut/test/flip/003.png,data/MVTec_AD/metal_nut/ground_truth/flip/003_mask.png,1,0.48670816326530614,700,700
metal_nut_flip_004,data/MVTec_AD/metal_nut/test/flip/004.png,data/MVTec_AD/metal_nut/ground_truth/flip/004_mask.png,1,0.47939591836734696,700,700
metal_nut_flip_005,data/MVTec_AD/metal_nut/test/flip/005.png,data/MVTec_AD/metal_nut/ground_truth/flip/005_mask.png,1,0.48032857142857144,700,700
metal_nut_flip_012,data/MVTec_AD/metal_nut/test/flip/012.png,data/MVTec_AD/metal_nut/ground_truth/flip/012_mask.png,1,0.47902653061224487,700,700
metal_nut_flip_013,data/MVTec_AD/metal_nut/test/flip/013.png,data/MVTec_AD/metal_nut/ground_truth/flip/013_mask.png,1,0.4790204081632653,700,700
metal_nut_scratch_002,data/MVTec_AD/metal_nut/test/scratch/002.png,data/MVTec_AD/metal_nut/ground_truth/scratch/002_mask.png,1,0.11706122448979592,700,700
metal_nut_scratch_015,data/MVTec_AD/metal_nut/test/scratch/015.png,data/MVTec_AD/metal_nut/ground_truth/scratch/015_mask.png,1,0.032810204081632655,700,700
metal_nut_scratch_016,data/MVTec_AD/metal_nut/test/scratch/016.png,data/MVTec_AD/metal_nut/ground_truth/scratch/016_mask.png,1,0.05536530612244898,700,700
metal_nut_scratch_020,data/MVTec_AD/metal_nut/test/scratch/020.png,data/MVTec_AD/metal_nut/ground_truth/scratch/020_mask.png,1,0.033987755102040815,700,700
metal_nut_scratch_022,data/MVTec_AD/metal_nut/test/scratch/022.png,data/MVTec_AD/metal_nut/ground_truth/scratch/022_mask.png,1,0.07371632653061225,700,700
pill_color_002,data/MVTec_AD/pill/test/color/002.png,data/MVTec_AD/pill/ground_truth/color/002_mask.png,1,0.005471875,800,800
pill_color_005,data/MVTec_AD/pill/test/color/005.png,data/MVTec_AD/pill/ground_truth/color/005_mask.png,1,0.007359375,800,800
pill_color_007,data/MVTec_AD/pill/test/color/007.png,data/MVTec_AD/pill/ground_truth/color/007_mask.png,1,0.0012796875,800,800
pill_color_009,data/MVTec_AD/pill/test/color/009.png,data/MVTec_AD/pill/ground_truth/color/009_mask.png,1,0.0005046875,800,800
pill_color_022,data/MVTec_AD/pill/test/color/022.png,data/MVTec_AD/pill/ground_truth/color/022_mask.png,1,0.0069375,800,800
pill_combined_000,data/MVTec_AD/pill/test/combined/000.png,data/MVTec_AD/pill/ground_truth/combined/000_mask.png,1,0.0155421875,800,800
pill_combined_001,data/MVTec_AD/pill/test/combined/001.png,data/MVTec_AD/pill/ground_truth/combined/001_mask.png,1,0.02861875,800,800
pill_combined_005,data/MVTec_AD/pill/test/combined/005.png,data/MVTec_AD/pill/ground_truth/combined/005_mask.png,1,0.0136828125,800,800
pill_combined_007,data/MVTec_AD/pill/test/combined/007.png,data/MVTec_AD/pill/ground_truth/combined/007_mask.png,1,0.01365625,800,800
pill_combined_009,data/MVTec_AD/pill/test/combined/009.png,data/MVTec_AD/pill/ground_truth/combined/009_mask.png,1,0.0280578125,800,800
pill_contamination_003,data/MVTec_AD/pill/test/contamination/003.png,data/MVTec_AD/pill/ground_truth/contamination/003_mask.png,1,0.0084140625,800,800
pill_contamination_007,data/MVTec_AD/pill/test/contamination/007.png,data/MVTec_AD/pill/ground_truth/contamination/007_mask.png,1,0.0253859375,800,800
pill_contamination_011,data/MVTec_AD/pill/test/contamination/011.png,data/MVTec_AD/pill/ground_truth/contamination/011_mask.png,1,0.01699375,800,800
pill_contamination_012,data/MVTec_AD/pill/test/contamination/012.png,data/MVTec_AD/pill/ground_truth/contamination/012_mask.png,1,0.0094765625,800,800
pill_contamination_017,data/MVTec_AD/pill/test/contamination/017.png,data/MVTec_AD/pill/ground_truth/contamination/017_mask.png,1,0.0106390625,800,800
pill_crack_005,data/MVTec_AD/pill/test/crack/005.png,data/MVTec_AD/pill/ground_truth/crack/005_mask.png,1,0.0149015625,800,800
pill_crack_007,data/MVTec_AD/pill/test/crack/007.png,data/MVTec_AD/pill/ground_truth/crack/007_mask.png,1,0.0045203125,800,800
pill_crack_019,data/MVTec_AD/pill/test/crack/019.png,data/MVTec_AD/pill/ground_truth/crack/019_mask.png,1,0.0113703125,800,800
pill_crack_021,data/MVTec_AD/pill/test/crack/021.png,data/MVTec_AD/pill/ground_truth/crack/021_mask.png,1,0.0043140625,800,800
pill_crack_022,data/MVTec_AD/pill/test/crack/022.png,data/MVTec_AD/pill/ground_truth/crack/022_mask.png,1,0.0069375,800,800
pill_faulty_imprint_001,data/MVTec_AD/pill/test/faulty_imprint/001.png,data/MVTec_AD/pill/ground_truth/faulty_imprint/001_mask.png,1,0.0078265625,800,800
pill_faulty_imprint_004,data/MVTec_AD/pill/test/faulty_imprint/004.png,data/MVTec_AD/pill/ground_truth/faulty_imprint/004_mask.png,1,0.02135625,800,800
pill_faulty_imprint_014,data/MVTec_AD/pill/test/faulty_imprint/014.png,data/MVTec_AD/pill/ground_truth/faulty_imprint/014_mask.png,1,0.013428125,800,800
pill_faulty_imprint_015,data/MVTec_AD/pill/test/faulty_imprint/015.png,data/MVTec_AD/pill/ground_truth/faulty_imprint/015_mask.png,1,0.01980625,800,800
pill_faulty_imprint_017,data/MVTec_AD/pill/test/faulty_imprint/017.png,data/MVTec_AD/pill/ground_truth/faulty_imprint/017_mask.png,1,0.03263125,800,800
pill_pill_type_001,data/MVTec_AD/pill/test/pill_type/001.png,data/MVTec_AD/pill/ground_truth/pill_type/001_mask.png,1,0.4091453125,800,800
pill_pill_type_003,data/MVTec_AD/pill/test/pill_type/003.png,data/MVTec_AD/pill/ground_truth/pill_type/003_mask.png,1,0.4087109375,800,800
pill_pill_type_005,data/MVTec_AD/pill/test/pill_type/005.png,data/MVTec_AD/pill/ground_truth/pill_type/005_mask.png,1,0.4100359375,800,800
pill_pill_type_006,data/MVTec_AD/pill/test/pill_type/006.png,data/MVTec_AD/pill/ground_truth/pill_type/006_mask.png,1,0.406409375,800,800
pill_pill_type_007,data/MVTec_AD/pill/test/pill_type/007.png,data/MVTec_AD/pill/ground_truth/pill_type/007_mask.png,1,0.40781875,800,800
pill_scratch_002,data/MVTec_AD/pill/test/scratch/002.png,data/MVTec_AD/pill/ground_truth/scratch/002_mask.png,1,0.0326671875,800,800
pill_scratch_005,data/MVTec_AD/pill/test/scratch/005.png,data/MVTec_AD/pill/ground_truth/scratch/005_mask.png,1,0.004728125,800,800
pill_scratch_015,data/MVTec_AD/pill/test/scratch/015.png,data/MVTec_AD/pill/ground_truth/scratch/015_mask.png,1,0.009340625,800,800
pill_scratch_019,data/MVTec_AD/pill/test/scratch/019.png,data/MVTec_AD/pill/ground_truth/scratch/019_mask.png,1,0.0033296875,800,800
pill_scratch_020,data/MVTec_AD/pill/test/scratch/020.png,data/MVTec_AD/pill/ground_truth/scratch/020_mask.png,1,0.00498125,800,800
screw_manipulated_front_006,data/MVTec_AD/screw/test/manipulated_front/006.png,data/MVTec_AD/screw/ground_truth/manipulated_front/006_mask.png,1,0.0034646987915039062,1024,1024
screw_manipulated_front_008,data/MVTec_AD/screw/test/manipulated_front/008.png,data/MVTec_AD/screw/ground_truth/manipulated_front/008_mask.png,1,0.003631591796875,1024,1024
screw_manipulated_front_014,data/MVTec_AD/screw/test/manipulated_front/014.png,data/MVTec_AD/screw/ground_truth/manipulated_front/014_mask.png,1,0.0031614303588867188,1024,1024
screw_manipulated_front_016,data/MVTec_AD/screw/test/manipulated_front/016.png,data/MVTec_AD/screw/ground_truth/manipulated_front/016_mask.png,1,0.00669097900390625,1024,1024
screw_manipulated_front_019,data/MVTec_AD/screw/test/manipulated_front/019.png,data/MVTec_AD/screw/ground_truth/manipulated_front/019_mask.png,1,0.0016889572143554688,1024,1024
screw_scratch_head_001,data/MVTec_AD/screw/test/scratch_head/001.png,data/MVTec_AD/screw/ground_truth/scratch_head/001_mask.png,1,0.0028791427612304688,1024,1024
screw_scratch_head_006,data/MVTec_AD/screw/test/scratch_head/006.png,data/MVTec_AD/screw/ground_truth/scratch_head/006_mask.png,1,0.0024662017822265625,1024,1024
screw_scratch_head_010,data/MVTec_AD/screw/test/scratch_head/010.png,data/MVTec_AD/screw/ground_truth/scratch_head/010_mask.png,1,0.0021104812622070312,1024,1024
screw_scratch_head_014,data/MVTec_AD/screw/test/scratch_head/014.png,data/MVTec_AD/screw/ground_truth/scratch_head/014_mask.png,1,0.002277374267578125,1024,1024
screw_scratch_head_019,data/MVTec_AD/screw/test/scratch_head/019.png,data/MVTec_AD/screw/ground_truth/scratch_head/019_mask.png,1,0.0024967193603515625,1024,1024
screw_scratch_neck_009,data/MVTec_AD/screw/test/scratch_neck/009.png,data/MVTec_AD/screw/ground_truth/scratch_neck/009_mask.png,1,0.0024623870849609375,1024,1024
screw_scratch_neck_010,data/MVTec_AD/screw/test/scratch_neck/010.png,data/MVTec_AD/screw/ground_truth/scratch_neck/010_mask.png,1,0.004395484924316406,1024,1024
screw_scratch_neck_014,data/MVTec_AD/screw/test/scratch_neck/014.png,data/MVTec_AD/screw/ground_truth/scratch_neck/014_mask.png,1,0.0028429031372070312,1024,1024
screw_scratch_neck_021,data/MVTec_AD/screw/test/scratch_neck/021.png,data/MVTec_AD/screw/ground_truth/scratch_neck/021_mask.png,1,0.0025625228881835938,1024,1024
screw_scratch_neck_022,data/MVTec_AD/screw/test/scratch_neck/022.png,data/MVTec_AD/screw/ground_truth/scratch_neck/022_mask.png,1,0.0009851455688476562,1024,1024
screw_thread_side_000,data/MVTec_AD/screw/test/thread_side/000.png,data/MVTec_AD/screw/ground_truth/thread_side/000_mask.png,1,0.001506805419921875,1024,1024
screw_thread_side_002,data/MVTec_AD/screw/test/thread_side/002.png,data/MVTec_AD/screw/ground_truth/thread_side/002_mask.png,1,0.0021953582763671875,1024,1024
screw_thread_side_003,data/MVTec_AD/screw/test/thread_side/003.png,data/MVTec_AD/screw/ground_truth/thread_side/003_mask.png,1,0.0019521713256835938,1024,1024
screw_thread_side_005,data/MVTec_AD/screw/test/thread_side/005.png,data/MVTec_AD/screw/ground_truth/thread_side/005_mask.png,1,0.0025949478149414062,1024,1024
screw_thread_side_011,data/MVTec_AD/screw/test/thread_side/011.png,data/MVTec_AD/screw/ground_truth/thread_side/011_mask.png,1,0.0016794204711914062,1024,1024
screw_thread_top_005,data/MVTec_AD/screw/test/thread_top/005.png,data/MVTec_AD/screw/ground_truth/thread_top/005_mask.png,1,0.010107994079589844,1024,1024
screw_thread_top_007,data/MVTec_AD/screw/test/thread_top/007.png,data/MVTec_AD/screw/ground_truth/thread_top/007_mask.png,1,0.0065174102783203125,1024,1024
screw_thread_top_012,data/MVTec_AD/screw/test/thread_top/012.png,data/MVTec_AD/screw/ground_truth/thread_top/012_mask.png,1,0.0012159347534179688,1024,1024
screw_thread_top_013,data/MVTec_AD/screw/test/thread_top/013.png,data/MVTec_AD/screw/ground_truth/thread_top/013_mask.png,1,0.0028657913208007812,1024,1024
screw_thread_top_020,data/MVTec_AD/screw/test/thread_top/020.png,data/MVTec_AD/screw/ground_truth/thread_top/020_mask.png,1,0.0064754486083984375,1024,1024
tile_crack_001,data/MVTec_AD/tile/test/crack/001.png,data/MVTec_AD/tile/ground_truth/crack/001_mask.png,1,0.016838151927437643,840,840
tile_crack_005,data/MVTec_AD/tile/test/crack/005.png,data/MVTec_AD/tile/ground_truth/crack/005_mask.png,1,0.015063775510204082,840,840
tile_crack_007,data/MVTec_AD/tile/test/crack/007.png,data/MVTec_AD/tile/ground_truth/crack/007_mask.png,1,0.02741496598639456,840,840
tile_crack_011,data/MVTec_AD/tile/test/crack/011.png,data/MVTec_AD/tile/ground_truth/crack/011_mask.png,1,0.012814625850340136,840,840
tile_crack_012,data/MVTec_AD/tile/test/crack/012.png,data/MVTec_AD/tile/ground_truth/crack/012_mask.png,1,0.02939342403628118,840,840
tile_glue_strip_003,data/MVTec_AD/tile/test/glue_strip/003.png,data/MVTec_AD/tile/ground_truth/glue_strip/003_mask.png,1,0.35486819727891156,840,840
tile_glue_strip_004,data/MVTec_AD/tile/test/glue_strip/004.png,data/MVTec_AD/tile/ground_truth/glue_strip/004_mask.png,1,0.1848185941043084,840,840
tile_glue_strip_008,data/MVTec_AD/tile/test/glue_strip/008.png,data/MVTec_AD/tile/ground_truth/glue_strip/008_mask.png,1,0.130046768707483,840,840
tile_glue_strip_016,data/MVTec_AD/tile/test/glue_strip/016.png,data/MVTec_AD/tile/ground_truth/glue_strip/016_mask.png,1,0.03397108843537415,840,840
tile_glue_strip_017,data/MVTec_AD/tile/test/glue_strip/017.png,data/MVTec_AD/tile/ground_truth/glue_strip/017_mask.png,1,0.15711734693877552,840,840
tile_gray_stroke_005,data/MVTec_AD/tile/test/gray_stroke/005.png,data/MVTec_AD/tile/ground_truth/gray_stroke/005_mask.png,1,0.04265731292517007,840,840
tile_gray_stroke_007,data/MVTec_AD/tile/test/gray_stroke/007.png,data/MVTec_AD/tile/ground_truth/gray_stroke/007_mask.png,1,0.05523809523809524,840,840
tile_gray_stroke_009,data/MVTec_AD/tile/test/gray_stroke/009.png,data/MVTec_AD/tile/ground_truth/gray_stroke/009_mask.png,1,0.042230725623582765,840,840
tile_gray_stroke_013,data/MVTec_AD/tile/test/gray_stroke/013.png,data/MVTec_AD/tile/ground_truth/gray_stroke/013_mask.png,1,0.031217403628117913,840,840
tile_gray_stroke_014,data/MVTec_AD/tile/test/gray_stroke/014.png,data/MVTec_AD/tile/ground_truth/gray_stroke/014_mask.png,1,0.07063208616780045,840,840
tile_oil_001,data/MVTec_AD/tile/test/oil/001.png,data/MVTec_AD/tile/ground_truth/oil/001_mask.png,1,0.12902919501133786,840,840
tile_oil_003,data/MVTec_AD/tile/test/oil/003.png,data/MVTec_AD/tile/ground_truth/oil/003_mask.png,1,0.13901927437641723,840,840
tile_oil_004,data/MVTec_AD/tile/test/oil/004.png,data/MVTec_AD/tile/ground_truth/oil/004_mask.png,1,0.13161706349206348,840,840
tile_oil_009,data/MVTec_AD/tile/test/oil/009.png,data/MVTec_AD/tile/ground_truth/oil/009_mask.png,1,0.1458517573696145,840,840
tile_oil_011,data/MVTec_AD/tile/test/oil/011.png,data/MVTec_AD/tile/ground_truth/oil/011_mask.png,1,0.11676445578231293,840,840
tile_rough_002,data/MVTec_AD/tile/test/rough/002.png,data/MVTec_AD/tile/ground_truth/rough/002_mask.png,1,0.12364937641723356,840,840
tile_rough_003,data/MVTec_AD/tile/test/rough/003.png,data/MVTec_AD/tile/ground_truth/rough/003_mask.png,1,0.20638180272108844,840,840
tile_rough_004,data/MVTec_AD/tile/test/rough/004.png,data/MVTec_AD/tile/ground_truth/rough/004_mask.png,1,0.3314498299319728,840,840
tile_rough_010,data/MVTec_AD/tile/test/rough/010.png,data/MVTec_AD/tile/ground_truth/rough/010_mask.png,1,0.1214937641723356,840,840
tile_rough_011,data/MVTec_AD/tile/test/rough/011.png,data/MVTec_AD/tile/ground_truth/rough/011_mask.png,1,0.10154903628117914,840,840
toothbrush_defective_000,data/MVTec_AD/toothbrush/test/defective/000.png,data/MVTec_AD/toothbrush/ground_truth/defective/000_mask.png,1,0.02273273468017578,1024,1024
toothbrush_defective_004,data/MVTec_AD/toothbrush/test/defective/004.png,data/MVTec_AD/toothbrush/ground_truth/defective/004_mask.png,1,0.0025081634521484375,1024,1024
toothbrush_defective_012,data/MVTec_AD/toothbrush/test/defective/012.png,data/MVTec_AD/toothbrush/ground_truth/defective/012_mask.png,1,0.017630577087402344,1024,1024
toothbrush_defective_013,data/MVTec_AD/toothbrush/test/defective/013.png,data/MVTec_AD/toothbrush/ground_truth/defective/013_mask.png,1,0.005299568176269531,1024,1024
toothbrush_defective_017,data/MVTec_AD/toothbrush/test/defective/017.png,data/MVTec_AD/toothbrush/ground_truth/defective/017_mask.png,1,0.027853965759277344,1024,1024
transistor_bent_lead_001,data/MVTec_AD/transistor/test/bent_lead/001.png,data/MVTec_AD/transistor/ground_truth/bent_lead/001_mask.png,1,0.0022373199462890625,1024,1024
transistor_bent_lead_002,data/MVTec_AD/transistor/test/bent_lead/002.png,data/MVTec_AD/transistor/ground_truth/bent_lead/002_mask.png,1,0.011347770690917969,1024,1024
transistor_bent_lead_004,data/MVTec_AD/transistor/test/bent_lead/004.png,data/MVTec_AD/transistor/ground_truth/bent_lead/004_mask.png,1,0.0038442611694335938,1024,1024
transistor_bent_lead_005,data/MVTec_AD/transistor/test/bent_lead/005.png,data/MVTec_AD/transistor/ground_truth/bent_lead/005_mask.png,1,0.015924453735351562,1024,1024
transistor_bent_lead_006,data/MVTec_AD/transistor/test/bent_lead/006.png,data/MVTec_AD/transistor/ground_truth/bent_lead/006_mask.png,1,0.03579235076904297,1024,1024
transistor_cut_lead_000,data/MVTec_AD/transistor/test/cut_lead/000.png,data/MVTec_AD/transistor/ground_truth/cut_lead/000_mask.png,1,0.011250495910644531,1024,1024
transistor_cut_lead_004,data/MVTec_AD/transistor/test/cut_lead/004.png,data/MVTec_AD/transistor/ground_truth/cut_lead/004_mask.png,1,0.035805702209472656,1024,1024
transistor_cut_lead_005,data/MVTec_AD/transistor/test/cut_lead/005.png,data/MVTec_AD/transistor/ground_truth/cut_lead/005_mask.png,1,0.011323928833007812,1024,1024
transistor_cut_lead_006,data/MVTec_AD/transistor/test/cut_lead/006.png,data/MVTec_AD/transistor/ground_truth/cut_lead/006_mask.png,1,0.015332221984863281,1024,1024
transistor_cut_lead_008,data/MVTec_AD/transistor/test/cut_lead/008.png,data/MVTec_AD/transistor/ground_truth/cut_lead/008_mask.png,1,0.019852638244628906,1024,1024
transistor_damaged_case_003,data/MVTec_AD/transistor/test/damaged_case/003.png,data/MVTec_AD/transistor/ground_truth/damaged_case/003_mask.png,1,0.014904022216796875,1024,1024
transistor_damaged_case_004,data/MVTec_AD/transistor/test/damaged_case/004.png,data/MVTec_AD/transistor/ground_truth/damaged_case/004_mask.png,1,0.025423049926757812,1024,1024
transistor_damaged_case_006,data/MVTec_AD/transistor/test/damaged_case/006.png,data/MVTec_AD/transistor/ground_truth/damaged_case/006_mask.png,1,0.020714759826660156,1024,1024
transistor_damaged_case_007,data/MVTec_AD/transistor/test/damaged_case/007.png,data/MVTec_AD/transistor/ground_truth/damaged_case/007_mask.png,1,0.012912750244140625,1024,1024
transistor_damaged_case_009,data/MVTec_AD/transistor/test/damaged_case/009.png,data/MVTec_AD/transistor/ground_truth/damaged_case/009_mask.png,1,0.05071449279785156,1024,1024
transistor_misplaced_000,data/MVTec_AD/transistor/test/misplaced/000.png,data/MVTec_AD/transistor/ground_truth/misplaced/000_mask.png,1,0.40343666076660156,1024,1024
transistor_misplaced_001,data/MVTec_AD/transistor/test/misplaced/001.png,data/MVTec_AD/transistor/ground_truth/misplaced/001_mask.png,1,0.40856456756591797,1024,1024
transistor_misplaced_002,data/MVTec_AD/transistor/test/misplaced/002.png,data/MVTec_AD/transistor/ground_truth/misplaced/002_mask.png,1,0.3792724609375,1024,1024
transistor_misplaced_005,data/MVTec_AD/transistor/test/misplaced/005.png,data/MVTec_AD/transistor/ground_truth/misplaced/005_mask.png,1,0.4293375015258789,1024,1024
transistor_misplaced_006,data/MVTec_AD/transistor/test/misplaced/006.png,data/MVTec_AD/transistor/ground_truth/misplaced/006_mask.png,1,0.40482139587402344,1024,1024
wood_color_000,data/MVTec_AD/wood/test/color/000.png,data/MVTec_AD/wood/ground_truth/color/000_mask.png,1,0.02118968963623047,1024,1024
wood_color_002,data/MVTec_AD/wood/test/color/002.png,data/MVTec_AD/wood/ground_truth/color/002_mask.png,1,0.037933349609375,1024,1024
wood_color_004,data/MVTec_AD/wood/test/color/004.png,data/MVTec_AD/wood/ground_truth/color/004_mask.png,1,0.032729148864746094,1024,1024
wood_color_005,data/MVTec_AD/wood/test/color/005.png,data/MVTec_AD/wood/ground_truth/color/005_mask.png,1,0.016714096069335938,1024,1024
wood_color_007,data/MVTec_AD/wood/test/color/007.png,data/MVTec_AD/wood/ground_truth/color/007_mask.png,1,0.026597023010253906,1024,1024
wood_combined_003,data/MVTec_AD/wood/test/combined/003.png,data/MVTec_AD/wood/ground_truth/combined/003_mask.png,1,0.03830146789550781,1024,1024
wood_combined_005,data/MVTec_AD/wood/test/combined/005.png,data/MVTec_AD/wood/ground_truth/combined/005_mask.png,1,0.0094757080078125,1024,1024
wood_combined_007,data/MVTec_AD/wood/test/combined/007.png,data/MVTec_AD/wood/ground_truth/combined/007_mask.png,1,0.059615135192871094,1024,1024
wood_combined_008,data/MVTec_AD/wood/test/combined/008.png,data/MVTec_AD/wood/ground_truth/combined/008_mask.png,1,0.04557514190673828,1024,1024
wood_combined_010,data/MVTec_AD/wood/test/combined/010.png,data/MVTec_AD/wood/ground_truth/combined/010_mask.png,1,0.07765865325927734,1024,1024
wood_hole_001,data/MVTec_AD/wood/test/hole/001.png,data/MVTec_AD/wood/ground_truth/hole/001_mask.png,1,0.011246681213378906,1024,1024
wood_hole_002,data/MVTec_AD/wood/test/hole/002.png,data/MVTec_AD/wood/ground_truth/hole/002_mask.png,1,0.009450912475585938,1024,1024
wood_hole_005,data/MVTec_AD/wood/test/hole/005.png,data/MVTec_AD/wood/ground_truth/hole/005_mask.png,1,0.013927459716796875,1024,1024
wood_hole_006,data/MVTec_AD/wood/test/hole/006.png,data/MVTec_AD/wood/ground_truth/hole/006_mask.png,1,0.0026273727416992188,1024,1024
wood_hole_007,data/MVTec_AD/wood/test/hole/007.png,data/MVTec_AD/wood/ground_truth/hole/007_mask.png,1,0.008355140686035156,1024,1024
wood_liquid_000,data/MVTec_AD/wood/test/liquid/000.png,data/MVTec_AD/wood/ground_truth/liquid/000_mask.png,1,0.03489494323730469,1024,1024
wood_liquid_005,data/MVTec_AD/wood/test/liquid/005.png,data/MVTec_AD/wood/ground_truth/liquid/005_mask.png,1,0.07452583312988281,1024,1024
wood_liquid_006,data/MVTec_AD/wood/test/liquid/006.png,data/MVTec_AD/wood/ground_truth/liquid/006_mask.png,1,0.05606555938720703,1024,1024
wood_liquid_007,data/MVTec_AD/wood/test/liquid/007.png,data/MVTec_AD/wood/ground_truth/liquid/007_mask.png,1,0.039791107177734375,1024,1024
wood_liquid_009,data/MVTec_AD/wood/test/liquid/009.png,data/MVTec_AD/wood/ground_truth/liquid/009_mask.png,1,0.03663349151611328,1024,1024
wood_scratch_002,data/MVTec_AD/wood/test/scratch/002.png,data/MVTec_AD/wood/ground_truth/scratch/002_mask.png,1,0.05136585235595703,1024,1024
wood_scratch_005,data/MVTec_AD/wood/test/scratch/005.png,data/MVTec_AD/wood/ground_truth/scratch/005_mask.png,1,0.1047515869140625,1024,1024
wood_scratch_009,data/MVTec_AD/wood/test/scratch/009.png,data/MVTec_AD/wood/ground_truth/scratch/009_mask.png,1,0.024672508239746094,1024,1024
wood_scratch_011,data/MVTec_AD/wood/test/scratch/011.png,data/MVTec_AD/wood/ground_truth/scratch/011_mask.png,1,0.1222982406616211,1024,1024
wood_scratch_018,data/MVTec_AD/wood/test/scratch/018.png,data/MVTec_AD/wood/ground_truth/scratch/018_mask.png,1,0.044722557067871094,1024,1024
zipper_broken_teeth_004,data/MVTec_AD/zipper/test/broken_teeth/004.png,data/MVTec_AD/zipper/ground_truth/broken_teeth/004_mask.png,1,0.015041351318359375,1024,1024
zipper_broken_teeth_006,data/MVTec_AD/zipper/test/broken_teeth/006.png,data/MVTec_AD/zipper/ground_truth/broken_teeth/006_mask.png,1,0.016775131225585938,1024,1024
zipper_broken_teeth_008,data/MVTec_AD/zipper/test/broken_teeth/008.png,data/MVTec_AD/zipper/ground_truth/broken_teeth/008_mask.png,1,0.015204429626464844,1024,1024
zipper_broken_teeth_009,data/MVTec_AD/zipper/test/broken_teeth/009.png,data/MVTec_AD/zipper/ground_truth/broken_teeth/009_mask.png,1,0.008642196655273438,1024,1024
zipper_broken_teeth_018,data/MVTec_AD/zipper/test/broken_teeth/018.png,data/MVTec_AD/zipper/ground_truth/broken_teeth/018_mask.png,1,0.01909351348876953,1024,1024
zipper_combined_000,data/MVTec_AD/zipper/test/combined/000.png,data/MVTec_AD/zipper/ground_truth/combined/000_mask.png,1,0.11830997467041016,1024,1024
zipper_combined_005,data/MVTec_AD/zipper/test/combined/005.png,data/MVTec_AD/zipper/ground_truth/combined/005_mask.png,1,0.04136466979980469,1024,1024
zipper_combined_008,data/MVTec_AD/zipper/test/combined/008.png,data/MVTec_AD/zipper/ground_truth/combined/008_mask.png,1,0.026782989501953125,1024,1024
zipper_combined_012,data/MVTec_AD/zipper/test/combined/012.png,data/MVTec_AD/zipper/ground_truth/combined/012_mask.png,1,0.048015594482421875,1024,1024
zipper_combined_014,data/MVTec_AD/zipper/test/combined/014.png,data/MVTec_AD/zipper/ground_truth/combined/014_mask.png,1,0.05178260803222656,1024,1024
zipper_fabric_border_001,data/MVTec_AD/zipper/test/fabric_border/001.png,data/MVTec_AD/zipper/ground_truth/fabric_border/001_mask.png,1,0.009697914123535156,1024,1024
zipper_fabric_border_003,data/MVTec_AD/zipper/test/fabric_border/003.png,data/MVTec_AD/zipper/ground_truth/fabric_border/003_mask.png,1,0.0069980621337890625,1024,1024
zipper_fabric_border_006,data/MVTec_AD/zipper/test/fabric_border/006.png,data/MVTec_AD/zipper/ground_truth/fabric_border/006_mask.png,1,0.02014923095703125,1024,1024
zipper_fabric_border_007,data/MVTec_AD/zipper/test/fabric_border/007.png,data/MVTec_AD/zipper/ground_truth/fabric_border/007_mask.png,1,0.01667308807373047,1024,1024
zipper_fabric_border_009,data/MVTec_AD/zipper/test/fabric_border/009.png,data/MVTec_AD/zipper/ground_truth/fabric_border/009_mask.png,1,0.024288177490234375,1024,1024
zipper_fabric_interior_002,data/MVTec_AD/zipper/test/fabric_interior/002.png,data/MVTec_AD/zipper/ground_truth/fabric_interior/002_mask.png,1,0.026480674743652344,1024,1024
zipper_fabric_interior_005,data/MVTec_AD/zipper/test/fabric_interior/005.png,data/MVTec_AD/zipper/ground_truth/fabric_interior/005_mask.png,1,0.010247230529785156,1024,1024
zipper_fabric_interior_011,data/MVTec_AD/zipper/test/fabric_interior/011.png,data/MVTec_AD/zipper/ground_truth/fabric_interior/011_mask.png,1,0.029623985290527344,1024,1024
zipper_fabric_interior_012,data/MVTec_AD/zipper/test/fabric_interior/012.png,data/MVTec_AD/zipper/ground_truth/fabric_interior/012_mask.png,1,0.011071205139160156,1024,1024
zipper_fabric_interior_013,data/MVTec_AD/zipper/test/fabric_interior/013.png,data/MVTec_AD/zipper/ground_truth/fabric_interior/013_mask.png,1,0.025911331176757812,1024,1024
zipper_rough_000,data/MVTec_AD/zipper/test/rough/000.png,data/MVTec_AD/zipper/ground_truth/rough/000_mask.png,1,0.030597686767578125,1024,1024
zipper_rough_005,data/MVTec_AD/zipper/test/rough/005.png,data/MVTec_AD/zipper/ground_truth/rough/005_mask.png,1,0.04939556121826172,1024,1024
zipper_rough_010,data/MVTec_AD/zipper/test/rough/010.png,data/MVTec_AD/zipper/ground_truth/rough/010_mask.png,1,0.024405479431152344,1024,1024
zipper_rough_013,data/MVTec_AD/zipper/test/rough/013.png,data/MVTec_AD/zipper/ground_truth/rough/013_mask.png,1,0.029709815979003906,1024,1024
zipper_rough_014,data/MVTec_AD/zipper/test/rough/014.png,data/MVTec_AD/zipper/ground_truth/rough/014_mask.png,1,0.02922344207763672,1024,1024
zipper_split_teeth_004,data/MVTec_AD/zipper/test/split_teeth/004.png,data/MVTec_AD/zipper/ground_truth/split_teeth/004_mask.png,1,0.04921150207519531,1024,1024
zipper_split_teeth_005,data/MVTec_AD/zipper/test/split_teeth/005.png,data/MVTec_AD/zipper/ground_truth/split_teeth/005_mask.png,1,0.03692817687988281,1024,1024
zipper_split_teeth_007,data/MVTec_AD/zipper/test/split_teeth/007.png,data/MVTec_AD/zipper/ground_truth/split_teeth/007_mask.png,1,0.019582748413085938,1024,1024
zipper_split_teeth_008,data/MVTec_AD/zipper/test/split_teeth/008.png,data/MVTec_AD/zipper/ground_truth/split_teeth/008_mask.png,1,0.0120391845703125,1024,1024
zipper_split_teeth_015,data/MVTec_AD/zipper/test/split_teeth/015.png,data/MVTec_AD/zipper/ground_truth/split_teeth/015_mask.png,1,0.04193401336669922,1024,1024
zipper_squeezed_teeth_000,data/MVTec_AD/zipper/test/squeezed_teeth/000.png,data/MVTec_AD/zipper/ground_truth/squeezed_teeth/000_mask.png,1,0.015597343444824219,1024,1024
zipper_squeezed_teeth_001,data/MVTec_AD/zipper/test/squeezed_teeth/001.png,data/MVTec_AD/zipper/ground_truth/squeezed_teeth/001_mask.png,1,0.02469635009765625,1024,1024
zipper_squeezed_teeth_004,data/MVTec_AD/zipper/test/squeezed_teeth/004.png,data/MVTec_AD/zipper/ground_truth/squeezed_teeth/004_mask.png,1,0.008189201354980469,1024,1024
zipper_squeezed_teeth_009,data/MVTec_AD/zipper/test/squeezed_teeth/009.png,data/MVTec_AD/zipper/ground_truth/squeezed_teeth/009_mask.png,1,0.014530181884765625,1024,1024
zipper_squeezed_teeth_012,data/MVTec_AD/zipper/test/squeezed_teeth/012.png,data/MVTec_AD/zipper/ground_truth/squeezed_teeth/012_mask.png,1,0.010072708129882812,1024,1024
